,train_r2,test_r2,rmse,mae
Linear Regression,1.0,,0.21276144758234494,0.21276144758234494
Ridge (a=1.0),0.9995575417577297,,0.21196714718565168,0.21196714718565168
Lasso (a=0.01),0.9978149171242306,,0.1546552285219942,0.1546552285219942
ElasticNet,0.999392646449995,,0.17362338800394816,0.17362338800394816
KNN (k=1),1.0,,0.35000000000000053,0.35000000000000053
Random Forest,0.7680000000000277,,0.199500000000004,0.199500000000004
Gradient Boosting,0.9999999992944921,,0.19659593209545356,0.19659593209545356
XGBoost,0.9999695972051965,,0.0009653472900392757,0.0009653472900392757
LightGBM,-1.0720313525780512e-12,,0.17500018119812033,0.17500018119812033
