node_id,t,z,y,x
0,10,51.86408233642578,22.257619857788086,205.1345672607422
1,10,58.84665298461914,121.73179626464844,201.88751220703125
2,10,58.071651458740234,149.13429260253906,194.27865600585938
3,10,31.996639251708984,201.3981475830078,102.33818054199219
4,10,47.11738204956055,114.17005157470703,165.9464874267578
5,10,23.93114471435547,161.99734497070312,93.88075256347656
6,10,62.12126159667969,22.079187393188477,245.8945770263672
7,10,55.94925308227539,186.00518798828125,186.2805633544922
8,10,45.05732345581055,133.8995361328125,154.1295928955078
9,10,62.03474426269531,58.30558395385742,229.69540405273438
10,10,34.159759521484375,70.24205017089844,133.41256713867188
11,10,28.899473190307617,69.87242889404297,113.7940902709961
12,10,26.97130012512207,121.6263427734375,98.18431091308594
13,10,34.972694396972656,177.7474822998047,113.92443084716797
14,10,18.89263916015625,26.196992874145508,101.84434509277344
15,10,11.015422821044922,29.900188446044922,85.82915496826172
16,10,19.989601135253906,53.77167510986328,97.6587905883789
17,10,44.96921920776367,61.94542694091797,161.50172424316406
18,10,12.861982345581055,93.56900787353516,77.3694076538086
19,10,60.10580825805664,92.57269287109375,217.28262329101562
20,10,1.9969147443771362,170.0790557861328,41.9974479675293
21,10,51.14400863647461,234.064208984375,161.65809631347656
22,10,16.970226287841797,246.20138549804688,69.59799194335938
23,10,39.003807067871094,106.23393249511719,137.945068359375
24,10,45.1243782043457,33.82665252685547,173.93112182617188
25,10,62.07248306274414,117.63186645507812,225.51226806640625
26,10,10.893148422241211,57.69010925292969,73.61649322509766
27,10,45.86921310424805,161.7310333251953,149.72171020507812
28,10,56.83131408691406,57.43408203125,213.94406127929688
29,10,14.953635215759277,118.19976806640625,77.94181060791016
30,10,39.08732986450195,57.6767692565918,146.31768798828125
31,10,2.142305374145508,141.6990509033203,49.647647857666016
32,10,45.1425666809082,221.901611328125,142.2417449951172
33,10,39.104530334472656,18.242612838745117,169.9095001220703
34,10,50.960636138916016,82.44799041748047,177.98838806152344
35,10,0.9082843065261841,41.939613342285156,62.16316604614258
36,10,36.872711181640625,230.02297973632812,117.6932144165039
37,10,23.080209732055664,189.94644165039062,81.81175231933594
38,10,9.927072525024414,145.68011474609375,58.34881591796875
39,10,14.965662956237793,193.75132751464844,61.247718811035156
40,10,31.049680709838867,41.42644119262695,130.1558380126953
41,10,10.87806224822998,237.99978637695312,57.93257141113281
42,10,24.090383529663086,214.09637451171875,85.55625915527344
43,10,4.988568305969238,45.47846984863281,69.8465347290039
44,10,2.9645485877990723,233.68817138671875,34.10910415649414
45,10,37.876495361328125,233.43467712402344,145.52877807617188
46,10,9.868979454040527,170.0310821533203,57.954010009765625
47,10,20.9762020111084,93.75972747802734,93.5519790649414
48,10,57.14109802246094,229.7040252685547,189.73353576660156
49,10,39.87511444091797,189.89642333984375,130.03981018066406
50,10,6.87137508392334,110.37651062011719,62.119014739990234
51,10,61.530303955078125,42.29829788208008,242.2492218017578
52,10,2.931971549987793,6.104397296905518,74.31292724609375
53,10,56.81733322143555,209.83924865722656,218.11363220214844
54,10,0.9008671045303345,121.8469467163086,46.394866943359375
55,10,52.20977020263672,125.88016510009766,213.74827575683594
56,10,24.937021255493164,89.70527648925781,97.47075653076172
57,10,4.934956073760986,78.12895202636719,66.05089569091797
58,10,28.976818084716797,185.747802734375,126.19839477539062
59,10,62.08837890625,233.76156616210938,206.21551513671875
60,10,60.033512115478516,34.339115142822266,225.63278198242188
61,10,43.84880065917969,93.19133758544922,157.94371032714844
62,10,18.851642608642578,154.23867797851562,70.31011199951172
63,10,31.916852951049805,209.49859619140625,129.8267059326172
64,10,61.56759262084961,206.36085510253906,209.6547393798828
65,10,23.103519439697266,193.65745544433594,109.93634796142578
66,10,24.878162384033203,50.30390167236328,105.95698547363281
67,10,10.176654815673828,206.1334686279297,53.54826354980469
68,10,57.033084869384766,109.91365814208984,233.8745880126953
69,10,35.966827392578125,141.9918212890625,121.8243179321289
70,10,58.13698959350586,158.01806640625,233.9323272705078
71,10,39.0353889465332,6.199904441833496,202.0586700439453
72,10,0.8187849521636963,26.134721755981445,94.17621612548828
73,10,17.95282745361328,221.98802185058594,69.76189422607422
74,10,47.98566436767578,130.12869262695312,194.15138244628906
75,10,5.11539363861084,122.01862335205078,37.970909118652344
76,10,20.86878776550293,133.85989379882812,82.35982513427734
77,10,39.112098693847656,238.1947784423828,173.8199920654297
78,10,61.528804779052734,197.82908630371094,186.01309204101562
79,10,19.810165405273438,45.91802978515625,125.70472717285156
80,10,3.060399293899536,201.61631774902344,45.54777526855469
81,10,0.9063299298286438,41.764957427978516,85.65443420410156
82,10,55.095035552978516,169.99044799804688,217.4443359375
83,10,62.27251434326172,174.0530242919922,221.32728576660156
84,10,32.02946853637695,157.74224853515625,138.121826171875
85,10,45.92805480957031,241.7681121826172,181.4346466064453
86,10,33.93320083618164,106.02191162109375,121.34044647216797
87,10,14.974634170532227,77.5248031616211,109.61837768554688
88,10,40.01174545288086,194.1437225341797,157.50352478027344
89,10,11.114299774169922,154.1600799560547,97.7602767944336
90,10,3.102398157119751,74.06192016601562,45.747501373291016
91,10,10.0656099319458,181.6841278076172,78.54032135009766
92,10,6.96670389175415,74.12297821044922,102.07087707519531
93,10,10.027220726013184,222.02236938476562,81.51190185546875
94,10,51.08326721191406,206.0552215576172,205.7564239501953
95,10,28.83648109436035,77.5138931274414,149.7496337890625
96,10,32.9757080078125,137.67684936523438,146.2303924560547
97,10,20.13679313659668,237.5740509033203,98.22976684570312
98,10,32.96381759643555,186.27828979492188,150.03688049316406
99,10,6.122184753417969,145.8740692138672,81.4100112915039
100,10,10.839447975158691,105.5987319946289,102.1172103881836
101,10,4.144221305847168,213.58807373046875,69.57057189941406
102,10,50.148231506347656,222.02003479003906,193.76483154296875
103,10,10.839507102966309,37.56134033203125,109.61786651611328
104,10,49.79794692993164,165.53590393066406,197.54493713378906
105,10,1.0020716190338135,153.55636596679688,73.72259521484375
106,10,25.978317260742188,33.356990814208984,153.75125122070312
107,10,38.13172149658203,209.35508728027344,174.08462524414062
108,10,35.00645065307617,77.94625854492188,165.8866729736328
109,10,0.93869948387146,81.94922637939453,89.64629364013672
110,10,5.169393539428711,113.74462127685547,85.89091491699219
111,10,37.923397064208984,121.68272399902344,157.73472595214844
112,10,15.834104537963867,98.27531433105469,118.04057312011719
113,10,61.50702667236328,197.6691131591797,237.8318634033203
114,10,30.99827766418457,54.087398529052734,165.91415405273438
115,10,54.91621780395508,62.03989791870117,246.33828735351562
116,10,21.089431762695312,165.97653198242188,118.13512420654297
117,10,25.938154220581055,210.18032836914062,133.5091552734375
118,10,51.97993469238281,89.81037139892578,222.05699157714844
119,10,9.931278228759766,241.60035705566406,86.23095703125
120,10,22.958642959594727,73.86572265625,126.26985931396484
121,10,18.026758193969727,213.6949462890625,133.52658081054688
122,10,19.85417938232422,213.7758026123047,109.4720687866211
123,10,10.146069526672363,130.46290588378906,102.12503051757812
124,10,14.918028831481934,178.3843536376953,98.06095886230469
125,10,15.851577758789062,205.87335205078125,90.41239166259766
126,10,20.115530014038086,49.2497444152832,153.71951293945312
127,10,41.86007308959961,85.71064758300781,185.35191345214844
128,10,47.133609771728516,85.6480941772461,213.41273498535156
129,10,27.011354446411133,161.4500732421875,169.65184020996094
130,10,11.979384422302246,82.02564239501953,141.5880126953125
131,10,46.19934844970703,54.1303596496582,213.71023559570312
132,10,42.94549560546875,166.0660400390625,221.9685516357422
133,10,53.85972595214844,237.91030883789062,230.18734741210938
134,10,25.927227020263672,101.91838073730469,157.9022674560547
135,10,5.068419456481934,133.54190063476562,118.19644165039062
136,10,42.07958221435547,33.96145248413086,206.0408172607422
137,10,27.003681182861328,230.12112426757812,118.06520080566406
138,10,0.7819228768348694,34.04783630371094,125.85601806640625
139,10,31.9835205078125,66.09735870361328,202.04600524902344
140,10,47.0897331237793,117.63302612304688,241.8681640625
141,10,53.09101104736328,37.709129333496094,245.96298217773438
142,10,44.06821060180664,189.8544464111328,181.6632080078125
143,11,51.93117904663086,25.93688201904297,205.34603881835938
144,11,59.02680969238281,150.04856872558594,201.57557678222656
145,11,59.17742156982422,125.41688537597656,205.8272247314453
146,11,32.04620361328125,205.9960174560547,102.36148834228516
147,11,62.20100402832031,60.981666564941406,230.27796936035156
148,11,48.03295135498047,117.97761535644531,169.7122344970703
149,11,21.123416900634766,6.160116672515869,126.18380737304688
150,11,23.98592185974121,166.27586364746094,94.1385498046875
151,11,35.9696159362793,77.74364471435547,134.0710906982422
152,11,28.039371490478516,125.73936462402344,101.76058959960938
153,11,11.937416076660156,62.13892364501953,73.88236999511719
154,11,56.96613693237305,189.66839599609375,190.23965454101562
155,11,46.010440826416016,137.5802459716797,157.67239379882812
156,11,21.081872940063477,57.804168701171875,97.74817657470703
157,11,60.880306243896484,97.14958953857422,217.6605224609375
158,11,21.929157257080078,9.924243927001953,109.93505096435547
159,11,30.060344696044922,70.06449890136719,117.71268463134766
160,11,19.141521453857422,30.350914001464844,102.1311264038086
161,11,13.965354919433594,97.5839614868164,78.31242370605469
162,11,35.984615325927734,185.58615112304688,117.89058685302734
163,11,31.1243839263916,6.423209190368652,149.3450164794922
164,11,11.094114303588867,38.131221771240234,81.90643310546875
165,11,2.8743324279785156,174.0067901611328,45.772071838378906
166,11,45.889320373535156,66.17526245117188,161.9037628173828
167,11,51.95579147338867,238.13868713378906,165.4465789794922
168,11,10.958364486694336,146.0037384033203,61.76726150512695
169,11,39.900447845458984,61.70835876464844,150.0188751220703
170,11,39.89890670776367,109.93254089355469,141.79196166992188
171,11,0.9325929284095764,45.905616760253906,61.842159271240234
172,11,57.16291809082031,58.477622985839844,217.46524047851562
173,11,3.8826308250427246,145.89047241210938,53.41957473754883
174,11,46.8761100769043,165.9778289794922,153.6332244873047
175,11,46.05256271362305,225.75442504882812,145.90293884277344
176,11,10.01657485961914,241.81886291503906,58.105621337890625
177,11,36.98408126831055,237.7024688720703,117.96158599853516
178,11,62.20718002319336,121.716064453125,229.6829833984375
179,11,16.056259155273438,125.6721420288086,77.97042846679688
180,11,52.89771270751953,89.6229476928711,181.9557647705078
181,11,14.926095008850098,194.09107971191406,61.286285400390625
182,11,45.99462890625,34.0164680480957,177.7679443359375
183,11,3.1446621417999268,229.9622344970703,37.4552116394043
184,11,5.979372501373291,53.82027816772461,69.72106170654297
185,11,0.9504411220550537,126.09436798095703,46.077308654785156
186,11,23.132930755615234,193.99737548828125,81.93095397949219
187,11,40.825111389160156,25.608617782592773,174.0939178466797
188,11,59.19973373413086,6.143677711486816,237.5594024658203
189,11,7.903787136077881,118.19889068603516,62.083065032958984
190,11,31.99911880493164,45.47689437866211,130.26023864746094
191,11,42.132686614990234,241.4495391845703,134.23471069335938
192,11,24.092512130737305,218.337158203125,85.66106414794922
193,11,36.08928298950195,150.03758239746094,125.6127700805664
194,11,25.909189224243164,94.05005645751953,98.28186798095703
195,11,10.848311424255371,177.9398956298828,61.50695037841797
196,11,37.012351989746094,237.7344970703125,146.11395263671875
197,11,52.89740753173828,205.87069702148438,173.32644653320312
198,11,19.882583618164062,158.32861328125,74.00093841552734
199,11,6.0490899085998535,6.094789981842041,86.44175720214844
200,11,5.995232582092285,85.9930191040039,66.34828186035156
201,11,56.90031433105469,210.02215576171875,217.94020080566406
202,11,43.154571533203125,93.28072357177734,161.5389862060547
203,11,52.165645599365234,122.17045593261719,213.99549865722656
204,11,40.91022491455078,194.02847290039062,133.7965850830078
205,11,58.08501434326172,230.2073211669922,193.6502227783203
206,11,58.051422119140625,113.63525390625,238.13218688964844
207,11,31.02444076538086,214.0128173828125,129.7664794921875
208,11,29.803987503051758,190.29750061035156,129.91664123535156
209,11,60.22282791137695,38.08002471923828,229.36410522460938
210,11,62.0581169128418,209.52340698242188,213.70831298828125
211,11,11.044323921203613,213.8689422607422,54.172996520996094
212,11,46.0210075378418,245.7613525390625,178.0835418701172
213,11,23.037580490112305,198.26199340820312,114.02114868164062
214,11,62.25468444824219,237.7699737548828,209.88023376464844
215,11,22.00674819946289,137.46026611328125,85.54663848876953
216,11,59.05519104003906,161.4557342529297,237.87193298339844
217,11,21.03026580810547,49.52363967895508,126.16606903076172
218,11,18.032629013061523,229.7428436279297,70.33558654785156
219,11,62.023284912109375,201.83677673339844,189.82420349121094
220,11,0.9817306995391846,46.03963851928711,82.10134887695312
221,11,3.860628128051758,205.65550231933594,46.38124465942383
222,11,39.10865020751953,242.0312957763672,173.84561157226562
223,11,5.068965911865234,89.73269653320312,93.71880340576172
224,11,10.811149597167969,185.94874572753906,81.7313232421875
225,11,12.882033348083496,158.19021606445312,97.96359252929688
226,11,39.08647155761719,10.136242866516113,205.77081298828125
227,11,34.8897819519043,109.81415557861328,122.06513214111328
228,11,56.847808837890625,170.00103759765625,218.35227966308594
229,11,6.089791297912598,142.2406005859375,77.57186889648438
230,11,38.991085052490234,198.11099243164062,154.25192260742188
231,11,51.88678741455078,209.56605529785156,201.5746612548828
232,11,20.070362091064453,242.1676788330078,98.14168548583984
233,11,11.047654151916504,13.64318561553955,77.5755844116211
234,11,15.972379684448242,81.58707427978516,110.27136993408203
235,11,33.90483093261719,141.81170654296875,149.8624267578125
236,11,3.8497588634490967,81.77363586425781,45.58891677856445
237,11,11.874150276184082,109.72969055175781,101.64131164550781
238,11,6.096076965332031,114.31571960449219,85.58555603027344
239,11,29.859634399414062,82.35457611083984,153.6694793701172
240,11,23.849882125854492,121.75154113769531,121.86548614501953
241,11,49.868228912353516,169.0747528076172,197.85804748535156
242,11,4.128470420837402,221.52967834472656,69.90310668945312
243,11,9.154985427856445,229.3630828857422,85.43386840820312
244,11,49.970497131347656,226.00164794921875,190.10096740722656
245,11,31.991411209106445,62.24620056152344,166.1441192626953
246,11,16.87118148803711,105.48442077636719,117.91588592529297
247,11,62.318477630615234,177.3717803955078,221.97787475585938
248,11,23.056047439575195,70.07544708251953,129.75608825683594
249,11,1.5222572088241577,158.38894653320312,74.10148620605469
250,11,27.032155990600586,34.235713958740234,157.5555419921875
251,11,32.919559478759766,186.2406768798828,153.85482788085938
252,11,61.469871520996094,198.0325927734375,237.90380859375
253,11,37.14284133911133,210.30850219726562,173.46609497070312
254,11,19.96561622619629,49.11079788208008,153.61900329589844
255,11,11.066887855529785,137.5501251220703,98.06719207763672
256,11,36.01511764526367,85.74039459228516,173.5668487548828
257,11,9.887020111083984,245.74200439453125,89.94477081298828
258,11,21.99472427368164,177.81251525878906,118.06673431396484
259,11,15.915521621704102,213.68380737304688,90.31315612792969
260,11,7.110673904418945,165.46258544921875,94.47845458984375
261,11,52.15082931518555,93.54338836669922,226.2531280517578
262,11,0.9457135200500488,37.908935546875,129.6771697998047
263,11,18.031766891479492,225.8007354736328,134.1944580078125
264,11,26.955347061157227,165.77259826660156,169.43496704101562
265,11,7.057610511779785,141.45286560058594,118.268798828125
266,11,26.188255310058594,113.80612182617188,157.84115600585938
267,11,8.058116912841797,18.04167366027832,110.05411529541016
268,11,42.03688049316406,89.70217895507812,186.3735809326172
269,11,47.836883544921875,93.57459259033203,213.87168884277344
270,11,12.913544654846191,85.79141235351562,141.97421264648438
271,11,50.983551025390625,181.6330108642578,217.79083251953125
272,11,49.05428695678711,121.80619812011719,242.3187255859375
273,11,32.8835563659668,77.96992492675781,201.72531127929688
274,11,42.144710540771484,38.25723648071289,213.80152893066406
275,11,53.99050521850586,45.795738220214844,245.80982971191406
276,11,44.109405517578125,197.64694213867188,177.97512817382812
277,11,43.115135192871094,173.87149047851562,225.62847900390625
278,12,52.131080627441406,30.133678436279297,205.4177703857422
279,12,59.85897445678711,126.2315902709961,205.9139404296875
280,12,29.078760147094727,137.54873657226562,101.6663818359375
281,12,12.978015899658203,74.24996185302734,73.83256530761719
282,12,32.17333221435547,213.74586486816406,102.41806030273438
283,12,12.135675430297852,53.42798614501953,81.78227996826172
284,12,22.096391677856445,17.849956512451172,125.5242919921875
285,12,24.99831199645996,177.2938232421875,94.27752685546875
286,12,48.0496940612793,122.14108276367188,169.68923950195312
287,12,36.06633377075195,85.34953308105469,134.07830810546875
288,12,14.905634880065918,109.53734588623047,78.18450927734375
289,12,59.047176361083984,157.70089721679688,198.1473846435547
290,12,3.8838770389556885,185.92245483398438,46.209781646728516
291,12,21.131540298461914,66.16065216064453,94.05252838134766
292,12,19.936016082763672,41.66874313354492,102.1924819946289
293,12,30.151588439941406,78.17391204833984,114.01316833496094
294,12,4.98831033706665,154.39503479003906,53.8578987121582
295,12,57.897361755371094,193.76649475097656,193.8280792236328
296,12,31.08957290649414,13.824784278869629,146.44049072265625
297,12,36.805076599121094,189.9922637939453,121.45509338378906
298,12,11.871280670166016,157.73098754882812,61.732566833496094
299,12,39.022132873535156,62.2618408203125,146.08982849121094
300,12,45.92417526245117,73.7271499633789,162.19110107421875
301,12,45.134639739990234,142.0521697998047,157.48971557617188
302,12,46.17210388183594,233.65150451660156,146.0869598388672
303,12,16.96675682067871,137.56735229492188,77.88109588623047
304,12,62.14697265625,65.89945983886719,226.37513732910156
305,12,15.028599739074707,201.8160400390625,61.89690399169922
306,12,51.90226745605469,6.220855712890625,205.5636444091797
307,12,3.1587493419647217,238.03993225097656,37.58729934692383
308,12,37.085357666015625,245.78414916992188,117.41793060302734
309,12,60.09382629394531,99.06692504882812,214.0529022216797
310,12,39.793304443359375,114.1229019165039,141.23281860351562
311,12,52.98452377319336,97.95658874511719,181.3134307861328
312,12,0.9846888184547424,138.09751892089844,45.632301330566406
313,12,57.16291046142578,62.18800735473633,214.10304260253906
314,12,23.855030059814453,201.97085571289062,81.62583923339844
315,12,6.877049446105957,66.17642211914062,69.76094055175781
316,12,46.148963928222656,41.88764953613281,177.68121337890625
317,12,1.9261637926101685,54.2272834777832,61.96455764770508
318,12,23.000764846801758,109.71070098876953,97.78097534179688
319,12,7.9688720703125,125.96435546875,61.85493087768555
320,12,47.068355560302734,174.13282775878906,153.93016052246094
321,12,10.899264335632324,185.93785095214844,61.84313201904297
322,12,6.114095687866211,97.90216064453125,65.89926147460938
323,12,24.931669235229492,229.61376953125,86.11557006835938
324,12,41.9880256652832,245.56234741210938,133.23776245117188
325,12,44.12257766723633,154.05555725097656,173.80201721191406
326,12,59.99693298339844,13.868061065673828,237.53436279296875
327,12,50.98659133911133,209.86732482910156,161.38299560546875
328,12,51.22661209106445,82.36615753173828,189.63783264160156
329,12,37.08152770996094,246.08908081054688,145.39207458496094
330,12,20.886653900146484,169.48731994628906,74.18816375732422
331,12,31.91130828857422,53.26300048828125,129.6277618408203
332,12,62.24916076660156,53.96337890625,248.92587280273438
333,12,52.85081481933594,129.85792541503906,213.64627075195312
334,12,40.99527359008789,30.08604621887207,177.6123504638672
335,12,57.78069305419922,214.0140838623047,221.83412170410156
336,12,32.01152801513672,221.9596405029297,130.06100463867188
337,12,60.89870071411133,41.85184860229492,229.92538452148438
338,12,7.8560566902160645,17.999858856201172,89.51407623291016
339,12,11.95677375793457,222.03663635253906,57.448341369628906
340,12,57.960609436035156,241.5824432373047,190.25985717773438
341,12,41.96308898925781,201.55950927734375,137.5259246826172
342,12,5.02100133895874,214.1377716064453,49.83173751831055
343,12,38.97998046875,10.018802642822266,162.00949096679688
344,12,4.170689582824707,25.767223358154297,74.17330169677734
345,12,42.908447265625,100.8873062133789,157.79376220703125
346,12,23.0067195892334,146.00636291503906,86.12796020507812
347,12,18.039403915405273,237.55995178222656,70.22825622558594
348,12,23.80879020690918,209.3800811767578,113.65296936035156
349,12,35.077980041503906,154.03900146484375,125.88475799560547
350,12,30.011537551879883,201.33932495117188,133.33956909179688
351,12,58.07191848754883,114.3575439453125,241.83355712890625
352,12,62.12388610839844,217.64910888671875,213.2811737060547
353,12,20.80348777770996,57.77608108520508,125.57443237304688
354,12,6.114650726318359,153.6971435546875,77.357421875
355,12,1.4748616218566895,61.39126205444336,82.13711547851562
356,12,15.848649978637695,89.56977844238281,113.42131042480469
357,12,0.7807624936103821,41.9271354675293,86.33489990234375
358,12,39.04317092895508,14.005263328552246,202.23800659179688
359,12,62.27915954589844,249.1437530517578,209.9578399658203
360,12,13.184708595275879,166.14273071289062,98.1239242553711
361,12,49.05437088012695,149.6398468017578,197.9231719970703
362,12,56.0752067565918,177.66375732421875,217.8188934326172
363,12,35.9388313293457,118.07300567626953,122.00542449951172
364,12,10.90770149230957,193.98828125,85.37042999267578
365,12,0.7806967496871948,114.07839965820312,45.739356994628906
366,12,5.056277275085449,97.57706451416016,89.7230224609375
367,12,39.093265533447266,206.16676330566406,153.8670654296875
368,12,62.058048248291016,209.8407745361328,189.8242645263672
369,12,10.018733978271484,233.99110412597656,85.6395263671875
370,12,24.060483932495117,129.48329162597656,121.81231689453125
371,12,59.04143142700195,165.61474609375,234.2781524658203
372,12,6.92272424697876,122.16093444824219,85.82709503173828
373,12,11.075502395629883,49.90766143798828,109.91781616210938
374,12,4.1832170486450195,229.7779541015625,73.99335479736328
375,12,3.9080607891082764,90.21726989746094,42.19179153442383
376,12,51.13373947143555,214.05307006835938,198.29498291015625
377,12,32.065277099609375,74.00825500488281,165.87962341308594
378,12,15.975102424621582,10.270195960998535,105.32196807861328
379,12,38.017581939697266,221.33856201171875,173.6848602294922
380,12,62.325584411621094,181.5816192626953,221.66529846191406
381,12,49.21165084838867,177.97561645507812,198.00546264648438
382,12,34.01536560058594,150.04507446289062,154.194091796875
383,12,60.859737396240234,241.82611083984375,229.5169677734375
384,12,32.86213684082031,173.5360565185547,145.3013458251953
385,12,17.146381378173828,114.36023712158203,117.7850341796875
386,12,62.33527755737305,129.38600158691406,230.2198486328125
387,12,44.10691833496094,149.89987182617188,205.71484375
388,12,50.13520812988281,234.13247680664062,189.88265991210938
389,12,30.06168556213379,90.47430419921875,154.2526092529297
390,12,23.937101364135742,78.24638366699219,129.45179748535156
391,12,55.91539001464844,77.69117736816406,249.21160888671875
392,12,36.87644958496094,97.56266021728516,173.72023010253906
393,12,1.4814387559890747,170.0317840576172,77.4023208618164
394,12,27.887924194335938,45.7640266418457,157.84893798828125
395,12,15.011112213134766,221.9231414794922,93.63916015625
396,12,20.839746475219727,58.02859878540039,149.50741577148438
397,12,0.7311772108078003,29.818988800048828,54.366729736328125
398,12,11.834051132202148,145.44998168945312,97.895751953125
399,12,61.50756072998047,201.88832092285156,241.68798828125
400,12,22.105310440063477,185.9022979736328,117.8896255493164
401,12,33.08147048950195,198.0272216796875,154.19615173339844
402,12,0.9438565373420715,41.69219970703125,126.34870147705078
403,12,2.893605947494507,249.1370086669922,70.09754180908203
404,12,26.91168212890625,122.32728576660156,157.93807983398438
405,12,42.153682708740234,94.31787872314453,185.6820068359375
406,12,25.14044952392578,230.06304931640625,130.20884704589844
407,12,0.7764461040496826,117.7088623046875,74.17098236083984
408,12,18.03883934020996,237.8027801513672,133.99673461914062
409,12,8.076478958129883,25.449411392211914,110.18824005126953
410,12,51.90069580078125,98.23776245117188,229.82843017578125
411,12,16.02447509765625,13.708884239196777,169.5498504638672
412,12,26.065235137939453,173.88868713378906,165.97390747070312
413,12,13.966836929321289,93.78550720214844,145.637939453125
414,12,27.982295989990234,249.2523956298828,117.9123764038086
415,12,46.00082778930664,69.73588562011719,213.939453125
416,12,42.15753173828125,45.945533752441406,209.91111755371094
417,12,7.0945024490356445,153.4451141357422,118.069580078125
418,12,32.06591796875,89.85984802246094,198.127685546875
419,12,45.04533004760742,202.1892852783203,177.89451599121094
420,12,53.90279006958008,245.75509643554688,229.707763671875
421,12,42.140926361083984,185.76075744628906,221.70025634765625
422,12,30.09231948852539,25.51373863220215,205.8611297607422
423,12,4.0905890464782715,197.87989807128906,77.865478515625
424,12,53.050010681152344,49.67333984375,242.0243377685547
425,12,34.870121002197266,122.35172271728516,181.45120239257812
426,12,47.99363708496094,125.2242431640625,237.87306213378906
427,13,51.182342529296875,34.07447814941406,201.88189697265625
428,13,58.97063446044922,130.2314910888672,202.12522888183594
429,13,32.079463958740234,218.0124053955078,101.35951232910156
430,13,47.83823776245117,130.04208374023438,165.77554321289062
431,13,13.106810569763184,85.78030395507812,70.44526672363281
432,13,25.052776336669922,181.76364135742188,93.66436767578125
433,13,29.094799041748047,145.33595275878906,97.90646362304688
434,13,58.871543884277344,161.55894470214844,197.89376831054688
435,13,12.058323860168457,57.44701385498047,81.37480163574219
436,13,18.992692947387695,46.12254333496094,97.97655487060547
437,13,62.07638168334961,73.45714569091797,225.41424560546875
438,13,57.101783752441406,197.96827697753906,193.93081665039062
439,13,30.04598045349121,81.96197509765625,113.60904693603516
440,13,14.965848922729492,117.69501495361328,74.20272827148438
441,13,21.938426971435547,22.04491424560547,121.26963806152344
442,13,4.877195835113525,162.05343627929688,49.784881591796875
443,13,21.057504653930664,70.21228790283203,90.20582580566406
444,13,3.909559965133667,193.77757263183594,42.278324127197266
445,13,44.051063537597656,149.94468688964844,150.07955932617188
446,13,38.9130973815918,121.88048553466797,137.18336486816406
447,13,36.163692474365234,197.38015747070312,118.06990814208984
448,13,52.11072540283203,102.33040618896484,177.62112426757812
449,13,3.89579176902771,245.67494201660156,34.22688293457031
450,13,62.28062057495117,33.28107833862305,249.3813018798828
451,13,44.99131393432617,81.6265640258789,161.74887084960938
452,13,39.03314208984375,70.1811294555664,145.18112182617188
453,13,10.990278244018555,165.89398193359375,57.47571563720703
454,13,16.95676612854004,142.0113983154297,74.12040710449219
455,13,56.945770263671875,69.79928588867188,213.47927856445312
456,13,59.915138244628906,102.86819458007812,213.78521728515625
457,13,51.1003303527832,10.524532318115234,201.60494995117188
458,13,45.865840911865234,237.8368682861328,142.2233123779297
459,13,53.07810592651367,9.922101020812988,226.0189971923828
460,13,51.072357177734375,86.38208770751953,185.60336303710938
461,13,33.96140670776367,29.681682586669922,141.27056884765625
462,13,39.988433837890625,34.03877258300781,170.2342071533203
463,13,62.20196533203125,57.72931671142578,245.97128295898438
464,13,0.9633788466453552,145.72100830078125,41.07404708862305
465,13,24.05398178100586,234.12847900390625,81.80731201171875
466,13,47.1386604309082,181.9371795654297,153.67803955078125
467,13,23.044322967529297,206.51220703125,77.49534606933594
468,13,6.12727165222168,106.00740051269531,61.60868835449219
469,13,50.98091125488281,214.11529541015625,161.2978515625
470,13,10.145444869995117,193.8734588623047,57.665409088134766
471,13,14.834451675415039,209.5045928955078,58.268306732177734
472,13,31.95607566833496,57.511436462402344,125.8172836303711
473,13,6.915498733520508,73.77176666259766,62.06182861328125
474,13,44.03972244262695,161.6036376953125,170.30274963378906
475,13,8.046422958374023,134.3263397216797,57.839908599853516
476,13,26.028493881225586,109.9346694946289,97.46346282958984
477,13,42.00447463989258,202.09536743164062,134.1340789794922
478,13,1.9527721405029297,61.932491302490234,57.47932434082031
479,13,59.21998596191406,18.059213638305664,233.39105224609375
480,13,57.94557571411133,242.24444580078125,190.2164764404297
481,13,51.917205810546875,137.63258361816406,209.73927307128906
482,13,29.897302627563477,209.6636505126953,129.49998474121094
483,13,20.893173217773438,174.3423614501953,73.49942779541016
484,13,42.13470458984375,105.36771392822266,153.7142333984375
485,13,60.059295654296875,46.11304473876953,226.20803833007812
486,13,31.99849510192871,229.91575622558594,129.79632568359375
487,13,4.109222412109375,225.67453002929688,46.03012466430664
488,13,56.929203033447266,217.91079711914062,221.9587860107422
489,13,7.955973148345947,25.478839874267578,85.61829376220703
490,13,41.005916595458984,53.96717071533203,165.9474639892578
491,13,42.21238708496094,6.117263317108154,177.71055603027344
492,13,11.137590408325195,229.85922241210938,53.434967041015625
493,13,4.9894256591796875,33.72312927246094,70.29888153076172
494,13,17.969926834106445,241.74017333984375,65.92681121826172
495,13,57.8743782043457,121.51386260986328,237.83041381835938
496,13,62.31702423095703,133.7388458251953,229.80630493164062
497,13,34.87554168701172,158.0425567626953,121.7428970336914
498,13,23.004873275756836,213.6418914794922,113.64257049560547
499,13,62.02083206176758,221.52500915527344,209.82554626464844
500,13,23.10422134399414,153.77516174316406,82.24884033203125
501,13,0.9299586415290833,73.4709243774414,74.29032897949219
502,13,5.031034469604492,106.03021240234375,85.954345703125
503,13,11.993122100830078,173.95384216308594,90.08246612548828
504,13,0.8241732716560364,121.97806549072266,41.55278396606445
505,13,5.133663654327393,161.64292907714844,69.6787109375
506,13,15.851734161376953,97.66258239746094,106.13658142089844
507,13,9.844988822937012,241.72946166992188,81.59092712402344
508,13,38.19205856323242,22.276165008544922,198.00653076171875
509,13,62.0321159362793,213.81251525878906,189.54930114746094
510,13,24.012954711914062,133.56857299804688,117.71024322509766
511,13,9.885756492614746,201.69122314453125,81.42745208740234
512,13,36.96894836425781,225.7181396484375,169.3971405029297
513,13,0.7908111214637756,54.32831954956055,82.05445861816406
514,13,35.1551399230957,121.9765396118164,118.27993774414062
515,13,58.089447021484375,166.07391357421875,233.45506286621094
516,13,34.033111572265625,161.82920837402344,150.03724670410156
517,13,62.320621490478516,185.86497497558594,221.33163452148438
518,13,50.93703079223633,221.59371948242188,198.34359741210938
519,13,3.026294231414795,234.01214599609375,70.0871810913086
520,13,6.131862640380859,129.96287536621094,81.59808349609375
521,13,2.9840333461761475,98.14752197265625,37.657005310058594
522,13,49.84089660644531,185.4948272705078,197.8577880859375
523,13,33.07788848876953,185.60377502441406,141.47415161132812
524,13,32.0712776184082,81.62462615966797,161.70135498046875
525,13,32.19635772705078,205.74063110351562,153.95034790039062
526,13,29.976682662963867,97.40071868896484,149.89581298828125
527,13,23.95476722717285,85.75704956054688,125.31243133544922
528,13,27.89565086364746,133.77976989746094,153.5360565185547
529,13,55.93263244628906,85.92958068847656,245.60350036621094
530,13,17.03345489501953,125.3697738647461,114.22212219238281
531,13,0.7416769862174988,37.54305648803711,50.02254104614258
532,13,36.12332534790039,102.22745513916016,169.82476806640625
533,13,43.09225082397461,153.72238159179688,201.83840942382812
534,13,6.045413494110107,181.61148071289062,93.72142791748047
535,13,11.09095573425293,153.1934356689453,93.68717956542969
536,13,20.891117095947266,65.7240982055664,141.60037231445312
537,13,42.890323638916016,98.02665710449219,185.87648010253906
538,13,25.070436477661133,234.20953369140625,126.14421081542969
539,13,26.995275497436523,50.056644439697266,150.1768341064453
540,13,18.11121368408203,245.94375610351562,129.75450134277344
541,13,51.104129791259766,102.21034240722656,233.71556091308594
542,13,19.0071964263916,233.4228973388672,106.28923797607422
543,13,28.12623405456543,153.9025421142578,129.71615600585938
544,13,14.900699615478516,226.23907470703125,89.88841247558594
545,13,43.93374252319336,185.8437957763672,222.1097869873047
546,13,46.03705978393555,74.39328002929688,210.32167053222656
547,13,15.036417961120605,17.92444610595703,162.2218017578125
548,13,15.03315544128418,205.76051330566406,98.15159606933594
549,13,53.85465621948242,249.29705810546875,225.84780883789062
550,13,25.14276123046875,182.03240966796875,158.1810302734375
551,13,48.84941101074219,101.68727111816406,213.63143920898438
552,13,0.7677841782569885,49.919822692871094,122.13369750976562
553,13,0.7917909026145935,125.74241638183594,70.01246643066406
554,13,31.888498306274414,93.86699676513672,194.06919860839844
555,13,38.1927375793457,6.344765663146973,245.33668518066406
556,13,42.85725402832031,50.25379943847656,205.96542358398438
557,13,47.09141159057617,129.68441772460938,238.05764770507812
558,13,7.9438371658325195,158.20938110351562,117.63804626464844
559,13,34.10731887817383,130.10499572753906,177.4414825439453
560,13,12.057877540588379,101.94956970214844,137.7782745361328
561,14,52.85304641723633,37.70043182373047,205.72799682617188
562,14,30.024639129638672,146.275390625,101.74141693115234
563,14,59.05424118041992,129.98912048339844,206.15196228027344
564,14,14.021783828735352,86.30773162841797,73.98358154296875
565,14,33.00395584106445,217.744140625,102.45425415039062
566,14,45.894683837890625,81.62887573242188,166.3343505859375
567,14,26.20746421813965,182.081787109375,97.60726165771484
568,14,3.9928717613220215,197.74794006347656,46.166908264160156
569,14,48.19929885864258,133.8310546875,170.03753662109375
570,14,0.9389016628265381,9.558807373046875,77.80590057373047
571,14,58.1313591003418,161.60891723632812,198.08534240722656
572,14,20.008508682250977,49.77363967895508,101.76725769042969
573,14,16.04709243774414,118.17279052734375,77.87063598632812
574,14,23.09808349609375,25.845321655273438,125.5748062133789
575,14,12.990823745727539,61.83346176147461,82.18589782714844
576,14,21.185394287109375,73.53961944580078,94.0057144165039
577,14,45.00929641723633,149.76612854003906,153.77455139160156
578,14,5.918426990509033,165.69300842285156,53.208797454833984
579,14,11.966897010803223,169.58706665039062,57.96401596069336
580,14,36.077518463134766,77.45219421386719,137.31871032714844
581,14,62.09975814819336,70.15469360351562,229.31588745117188
582,14,58.19560623168945,197.91781616210938,201.47300720214844
583,14,57.85996627807617,69.6525650024414,217.8092498779297
584,14,5.068237781524658,245.97544860839844,37.38874816894531
585,14,39.9571647644043,74.13075256347656,149.60934448242188
586,14,38.15612030029297,197.5877227783203,125.53501892089844
587,14,39.92019271850586,121.95250701904297,138.4698944091797
588,14,31.175752639770508,85.66978454589844,114.4262466430664
589,14,17.98521614074707,145.6435546875,77.94679260253906
590,14,52.87784957885742,102.56511688232422,177.7714080810547
591,14,52.090057373046875,13.311753273010254,205.71006774902344
592,14,0.795914351940155,238.14297485351562,29.92033576965332
593,14,32.048583984375,17.868513107299805,149.3689727783203
594,14,6.196864128112793,6.173746109008789,86.02264404296875
595,14,54.05741882324219,13.469367027282715,230.2071533203125
596,14,46.17156982421875,237.90086364746094,145.66326904296875
597,14,26.01473045349121,113.87516784667969,97.98744201660156
598,14,36.865745544433594,106.26631164550781,129.20462036132812
599,14,11.046221733093262,193.91546630859375,57.67025375366211
600,14,15.10964584350586,210.25469970703125,58.03763961791992
601,14,47.923336029052734,182.2833251953125,157.71755981445312
602,14,40.96220016479492,37.797096252441406,173.7789764404297
603,14,24.062721252441406,206.22152709960938,78.37730407714844
604,14,32.243560791015625,57.42201614379883,129.66607666015625
605,14,7.892583847045898,77.9171371459961,65.50506591796875
606,14,60.10585403442383,102.37805938720703,218.24209594726562
607,14,51.828609466552734,217.87310791015625,161.90216064453125
608,14,2.9692018032073975,65.67330169677734,57.964683532714844
609,14,24.901479721069336,234.23193359375,81.86797332763672
610,14,9.860227584838867,137.71868896484375,61.354248046875
611,14,59.884769439697266,21.560728073120117,237.59121704101562
612,14,7.085732460021973,113.62683868408203,62.390018463134766
613,14,41.92376708984375,249.11492919921875,129.3165283203125
614,14,43.00165557861328,202.00372314453125,138.08958435058594
615,14,43.11062240600586,106.11672973632812,153.8863983154297
616,14,52.12288284301758,141.56887817382812,214.0372772216797
617,14,44.99998092651367,165.9290313720703,173.935546875
618,14,53.9276237487793,217.88282775878906,177.2882843017578
619,14,22.81857681274414,177.91830444335938,77.44007110595703
620,14,61.09228515625,45.691810607910156,229.97557067871094
621,14,1.8833736181259155,145.82192993164062,45.48776626586914
622,14,12.127579689025879,233.70883178710938,53.98606491088867
623,14,30.005151748657227,209.54539489746094,129.69692993164062
624,14,58.905845642089844,245.76797485351562,193.94052124023438
625,14,44.03645324707031,10.0447416305542,182.1224365234375
626,14,57.1213264465332,218.1673583984375,226.0429229736328
627,14,5.888284683227539,226.1960906982422,46.16206741333008
628,14,41.987911224365234,57.98365020751953,169.5855255126953
629,14,6.135168552398682,37.92278289794922,74.28627014160156
630,14,18.91068458557129,245.64585876464844,66.33563232421875
631,14,39.89928436279297,26.18207550048828,201.68536376953125
632,14,13.044005393981934,177.61251831054688,90.02698516845703
633,14,32.95341110229492,230.23629760742188,130.07626342773438
634,14,23.9118595123291,213.89842224121094,117.66392517089844
635,14,39.926692962646484,17.42711639404297,165.17837524414062
636,14,6.846366882324219,109.61386108398438,85.65277099609375
637,14,62.22611999511719,225.5467529296875,213.5684356689453
638,14,1.5240238904953003,73.97174072265625,78.25234985351562
639,14,35.95197296142578,158.05552673339844,121.87186431884766
640,14,0.8888301253318787,93.81179809570312,49.79586410522461
641,14,58.8780632019043,121.15164947509766,242.20745849609375
642,14,0.8637816309928894,58.10306167602539,89.62478637695312
643,14,1.390676498413086,125.65813446044922,42.38967514038086
644,14,16.03265380859375,98.47349548339844,110.11614990234375
645,14,10.142768859863281,245.48040771484375,82.0567626953125
646,14,5.896637916564941,213.82904052734375,25.869997024536133
647,14,10.8611478805542,202.308349609375,78.20819091796875
648,14,57.92013168334961,166.0709686279297,233.93141174316406
649,14,3.9276914596557617,237.93841552734375,70.2619857788086
650,14,6.973118305206299,133.7914581298828,82.14649963378906
651,14,43.96775436401367,246.0506591796875,165.74449157714844
652,14,0.7963840961456299,37.44972229003906,54.07976531982422
653,14,11.86589241027832,33.91410446166992,69.86802673339844
654,14,51.12425231933594,233.9772491455078,193.5948486328125
655,14,52.07136917114258,218.39430236816406,205.68240356445312
656,14,49.870338439941406,158.0427703857422,198.16671752929688
657,14,17.99798011779785,129.5496063232422,114.34748077392578
658,14,35.13088607788086,162.1138153076172,154.02667236328125
659,14,23.99972915649414,90.01747131347656,125.61133575439453
660,14,33.866249084472656,210.27203369140625,153.92523193359375
661,14,33.05352020263672,186.45555114746094,142.2643280029297
662,14,61.06633377075195,245.73049926757812,230.24107360839844
663,14,24.097965240478516,138.0457305908203,117.71775817871094
664,14,50.156288146972656,189.47523498535156,205.45948791503906
665,14,1.0024608373641968,173.9261474609375,69.93913269042969
666,14,33.069515228271484,86.26704406738281,162.16619873046875
667,14,0.80333411693573,125.6512680053711,73.55294036865234
668,14,37.98827362060547,106.18753814697266,173.6197509765625
669,14,62.31435775756836,185.96458435058594,222.2412567138672
670,14,26.028051376342773,237.60801696777344,126.2736587524414
671,14,20.054412841796875,233.98870849609375,106.46875
672,14,44.132545471191406,105.71105194091797,189.72511291503906
673,14,44.141727447509766,153.9173583984375,205.46998596191406
674,14,0.7667492628097534,214.04827880859375,89.83099365234375
675,14,27.06797218322754,53.72114944458008,153.4123992919922
676,14,28.898788452148438,138.5591278076172,157.6908721923828
677,14,29.01654624938965,161.75039672851562,129.7014923095703
678,14,11.800700187683105,154.3449249267578,97.62955474853516
679,14,47.149192810058594,77.68663024902344,210.31167602539062
680,14,52.83274841308594,109.4094467163086,233.7783966064453
681,14,15.041156768798828,206.25735473632812,97.75808715820312
682,14,44.07069396972656,185.93711853027344,225.94496154785156
683,14,14.911861419677734,21.88227081298828,162.07345581054688
684,14,26.116519927978516,190.12818908691406,162.033203125
685,14,45.11386489868164,213.8338623046875,178.01626586914062
686,14,31.050735473632812,98.11943054199219,190.2351837158203
687,14,0.7826000452041626,49.48090362548828,125.54723358154297
688,14,8.105443000793457,161.68247985839844,117.80044555664062
689,14,44.112892150878906,57.5809440612793,209.8356170654297
690,14,53.10160446166992,61.60202407836914,241.59701538085938
691,14,13.032731056213379,101.81253051757812,141.66917419433594
692,14,45.15803527832031,217.9217987060547,201.92359924316406
693,14,36.006080627441406,134.3719024658203,182.2617950439453
694,14,49.84047317504883,141.26788330078125,245.874755859375
695,14,45.060855865478516,125.57353210449219,233.31759643554688
696,15,53.89955139160156,33.894386291503906,209.25831604003906
697,15,31.148880004882812,145.7968292236328,102.23480224609375
698,15,60.94001770019531,129.67428588867188,213.67457580566406
699,15,28.962459564208984,185.6107940673828,102.11358642578125
700,15,16.131793975830078,89.44181060791016,78.23799133300781
701,15,34.984153747558594,218.0944366455078,109.57579040527344
702,15,14.022542953491211,166.0076446533203,61.957176208496094
703,15,60.159759521484375,158.31491088867188,201.98194885253906
704,15,18.854047775268555,117.85525512695312,85.4564437866211
705,15,21.9103946685791,49.59757614135742,105.77338409423828
706,15,22.983562469482422,73.74883270263672,97.71697998046875
707,15,50.227752685546875,137.82102966308594,173.79249572753906
708,15,16.018875122070312,65.70429992675781,90.51815795898438
709,15,46.90935134887695,78.63505554199219,169.69564819335938
710,15,24.99813461303711,25.9863224029541,126.47303009033203
711,15,38.01203536987305,74.5832290649414,137.48171997070312
712,15,38.16487503051758,109.8894271850586,130.23440551757812
713,15,1.4296892881393433,238.23199462890625,34.00905227661133
714,15,60.86605453491211,197.8604278564453,205.56846618652344
715,15,33.102882385253906,85.89734649658203,121.48197937011719
716,15,40.002784729003906,197.72796630859375,129.8975372314453
717,15,4.9524149894714355,194.07843017578125,49.59455871582031
718,15,7.131989479064941,162.01593017578125,57.2835693359375
719,15,8.089651107788086,245.75047302246094,41.88711166381836
720,15,46.004486083984375,149.98817443847656,154.2235870361328
721,15,59.13562774658203,66.14591979980469,221.58741760253906
722,15,2.915877342224121,9.868406295776367,82.42613220214844
723,15,53.91282272338867,90.07544708251953,193.85696411132812
724,15,41.941837310791016,121.8282470703125,145.10552978515625
725,15,62.103111267089844,102.10327911376953,229.5626220703125
726,15,20.06473731994629,145.87103271484375,82.34099578857422
727,15,41.155982971191406,77.87886810302734,153.64442443847656
728,15,36.07542037963867,30.231647491455078,145.9886474609375
729,15,26.05752944946289,210.0770263671875,85.39644622802734
730,15,47.957847595214844,241.76629638671875,146.23275756835938
731,15,55.89454650878906,10.045175552368164,237.87106323242188
732,15,54.17610549926758,12.909513473510742,209.84617614746094
733,15,26.02073860168457,238.13536071777344,85.63252258300781
734,15,49.915252685546875,185.82704162597656,161.8267364501953
735,15,48.05554962158203,49.8885612487793,178.1345977783203
736,15,11.09339714050293,134.24920654296875,65.67247009277344
737,15,42.21904373168945,37.85696792602539,177.7176971435547
738,15,12.937353134155273,193.77650451660156,61.57731246948242
739,15,52.99866485595703,221.72686767578125,165.96299743652344
740,15,8.134299278259277,6.217220783233643,90.1522445678711
741,15,33.060001373291016,57.43391418457031,133.9705352783203
742,15,17.82558822631836,210.36199951171875,62.08389663696289
743,15,31.97149658203125,205.92396545410156,129.85450744628906
744,15,9.171878814697266,77.69284057617188,69.60126495361328
745,15,25.070791244506836,118.21482849121094,97.80052947998047
746,15,54.11598587036133,141.56085205078125,217.78579711914062
747,15,60.86796951293945,21.582612991333008,242.0052490234375
748,15,44.94206237792969,202.07470703125,142.26211547851562
749,15,24.037145614624023,181.56346130371094,78.39183807373047
750,15,13.901300430297852,229.93409729003906,58.06156921386719
751,15,47.0943603515625,173.7667236328125,177.57070922851562
752,15,9.981279373168945,110.3532943725586,69.51676940917969
753,15,60.077049255371094,242.20460510253906,197.70765686035156
754,15,5.118625640869141,65.56485748291016,65.46729278564453
755,15,62.034271240234375,42.131996154785156,233.69117736816406
756,15,34.003570556640625,230.13821411132812,137.73741149902344
757,15,3.9343879222869873,141.9077606201172,49.36574935913086
758,15,45.90684127807617,10.013223648071289,185.9611358642578
759,15,58.89323806762695,221.84422302246094,225.69088745117188
760,15,41.03717041015625,17.486467361450195,165.9623565673828
761,15,19.876684188842773,245.89073181152344,69.667724609375
762,15,27.9235897064209,73.75306701660156,109.78743743896484
763,15,0.9666707515716553,33.97172546386719,57.83023452758789
764,15,42.117042541503906,26.119850158691406,205.6710968017578
765,15,60.15237045288086,118.16517639160156,249.27841186523438
766,15,24.891292572021484,217.47915649414062,114.29035186767578
767,15,15.155482292175293,178.03955078125,97.70651245117188
768,15,7.9110236167907715,38.17886734008789,78.27596282958984
769,15,43.03813171386719,58.090328216552734,173.18846130371094
770,15,11.959894180297852,30.05791473388672,93.47215270996094
771,15,17.161922454833984,98.33758544921875,113.4120101928711
772,15,0.9667164087295532,173.62136840820312,34.301570892333984
773,15,7.011148452758789,214.040283203125,29.46615219116211
774,15,36.973846435546875,161.66880798339844,125.95806884765625
775,15,1.4577140808105469,126.12753295898438,73.56268310546875
776,15,3.1426591873168945,118.19192504882812,49.582393646240234
777,15,39.80445098876953,229.6456756591797,173.67221069335938
778,15,7.889403820037842,117.35126495361328,89.82764434814453
779,15,62.05638122558594,241.93673706054688,233.4820556640625
780,15,12.00562572479248,205.645751953125,82.14823150634766
781,15,2.9938626289367676,89.1629867553711,57.70983123779297
782,15,53.152305603027344,221.33477783203125,205.8485107421875
783,15,12.151815414428711,246.08912658691406,85.5591049194336
784,15,9.015554428100586,106.1134262084961,105.71053314208984
785,15,25.05600929260254,141.77662658691406,121.38190460205078
786,15,59.83186721801758,169.74606323242188,237.5862274169922
787,15,40.09172821044922,218.0619659423828,154.04071044921875
788,15,52.90164566040039,237.6674346923828,197.4615478515625
789,15,34.09984588623047,210.12501525878906,157.62449645996094
790,15,12.901698112487793,33.68925476074219,73.60945892333984
791,15,19.145645141601562,126.33238983154297,114.18445587158203
792,15,9.137772560119629,137.7452392578125,89.79773712158203
793,15,5.151680946350098,241.7598114013672,74.29322052001953
794,15,32.1839485168457,110.44610595703125,153.8618621826172
795,15,13.793754577636719,157.6265869140625,97.83650207519531
796,15,35.92560958862305,90.02896118164062,165.84463500976562
797,15,37.08503723144531,165.96888732910156,158.09356689453125
798,15,51.90092468261719,189.95062255859375,209.7204132080078
799,15,25.9309139251709,89.79501342773438,129.8177947998047
800,15,40.033512115478516,109.70325469970703,177.7018585205078
801,15,28.094816207885742,189.54696655273438,165.80848693847656
802,15,2.010937213897705,178.0514678955078,73.47594451904297
803,15,1.5182298421859741,217.72483825683594,93.71258544921875
804,15,62.052650451660156,209.87374877929688,245.75856018066406
805,15,51.99421310424805,101.9116439819336,218.03392028808594
806,15,15.158641815185547,206.3603973388672,101.68970489501953
807,15,46.87334060668945,106.24960327148438,193.17539978027344
808,15,30.08919906616211,141.75469970703125,158.14297485351562
809,15,30.861217498779297,165.79931640625,133.72467041015625
810,15,22.859336853027344,69.71470642089844,146.1537322998047
811,15,48.87919616699219,77.93817901611328,213.9187774658203
812,15,46.103363037109375,185.87457275390625,229.7460479736328
813,15,37.953208923339844,249.45590209960938,190.26783752441406
814,15,32.832672119140625,98.30564880371094,193.58412170410156
815,15,1.5316118001937866,50.14828109741211,126.2713394165039
816,15,16.88334846496582,22.130077362060547,165.7653045654297
817,15,11.886688232421875,165.62156677246094,122.29061126708984
818,15,45.91872787475586,57.38442611694336,213.8365936279297
819,15,15.058220863342285,101.97178649902344,145.7376708984375
820,15,55.922298431396484,62.06220626831055,245.82952880859375
821,15,46.03848648071289,125.32669067382812,230.36337280273438
822,15,37.98849105834961,138.4313201904297,185.62513732910156
823,15,31.901220321655273,38.18671417236328,210.20571899414062
