,Energy_kcal,Carb_pct,Protein_pct,Fat_pct,Moisture_g,Ash_g,Fiber_g,Na_mg,K_mg,Ca_mg,Zn_mg,Fe_mg,P_mg,I_mg,Mg_mg,Cu_mg,VitA,VitE,VitK,VitC,VitB1,VitB2,VitB3,VitB5,VitB6,VitB7,VitB9,Hardness_g,Firmness_g,Strength_g,pH,L_star,a_star,b_star,Chroma,Appearance,Colour,Texture,Flavour,Aroma,Overall_Accept,TPC_mgGAE,TFC_mgQE,DPPH_pct
Energy_kcal,1.0,-0.9952164229801056,0.8070392149075765,0.5275508248515095,0.65144747603454,0.299023565625666,0.09319904022846276,0.3509905056105782,0.5472100455353438,0.6632703538756096,0.4040939153172789,0.7337782067398944,0.3281566868490868,-0.9999029160565486,0.41544430848303354,0.34515854720281464,,-0.9999029160565487,,,0.5166145340247821,0.3324631982975222,0.3322667044142939,0.33224716533978405,0.3322235386526293,-0.3224744903291421,0.33226987852459156,-0.7411738822473131,-0.739602413412148,-0.7916540683890525,0.23114351681965456,-0.30767279451674745,-0.4143285215667004,-0.5547733584257897,-0.49857943681018324,-0.9098996464982256,-0.41730663807788293,-0.8036165974936663,0.05642309326667545,-0.46961685146110277,-0.735557301393051,0.7183571572344151,0.5695091820173293,0.7229996374130172
Carb_pct,-0.9952164229801056,1.0,-0.8370727861625158,-0.5671088658902995,-0.6153835741609208,-0.2869363069331213,-0.13249457810106202,-0.39814503217435493,-0.5366494989703047,-0.7005508005765044,-0.4330519798617042,-0.7965134074803785,-0.23443814290191367,0.9950801869511323,-0.44489331129044435,-0.38554767391095524,,0.9950801869511323,,,-0.5162100143821933,-0.23887336787629843,-0.23866906953771633,-0.23864875546676095,-0.23862419191023024,0.370860143476252,-0.23867236956392476,0.7578453428274081,0.7240252284355403,0.776699065844128,-0.22951032329863147,0.22962296951167827,0.33560357181348965,0.48025748873939517,0.422087269663371,0.9142926097157383,0.48958632169417293,0.8492803908898895,0.9745862207847774,0.4477217589859572,0.7674439217814959,-0.7805266193114653,-0.6460160058361386,-0.774638980211432
Protein_pct,0.8070392149075765,-0.8370727861625158,1.0,0.925073739509229,0.08399751490308809,-0.2494993922502236,0.6505768009491186,0.07833749570209667,0.015362745985062664,0.9768178917532668,0.8459558929995503,0.8475526077237515,-0.08690316995425802,-0.8001648812021575,0.8534562929297774,0.8263997953399332,,-0.8001648812021571,,,0.8332692578745252,-0.08306421127134922,-0.08307744167007805,-0.08307875622812312,-0.0830803455396891,-0.05684231396518059,-0.08307722810295626,-0.36479949779409804,-0.23797013524980362,-0.31245157135632967,-0.28021415764399504,0.28136946448723327,0.15778014919716385,-0.006751334901020413,0.06126546806354033,-0.9589292735481247,-0.36268355758779036,-0.6752447860111962,-0.5071939539168191,-0.7199914501688763,-0.4458569893652021,0.7259236105840579,0.6770072684048983,0.9698080000866875
Fat_pct,0.5275508248515095,-0.5671088658902995,0.925073739509229,1.0,-0.29922719243295065,-0.5833758274745137,0.8898003532965338,-0.17929604992175927,-0.356307648536344,0.984728783463368,0.9778674587588083,0.7100053575684788,-0.27070951925940334,-0.5171264284702511,0.9807487685799374,0.9781789068654154,,-0.5171264284702506,,,0.9084027180436465,-0.2680349035528444,-0.2679068032072811,-0.26789406457691345,-0.267878660876292,0.19314360581419038,-0.2679088725809737,-0.012533036877792416,0.14739029179040627,0.07106776871881183,-0.5927674696041363,0.5702631068676068,0.4563404369540132,0.30885124022034915,0.3709109448493206,-0.8151676599377693,-0.18312802880244675,-0.4137232328487841,-0.42783453619769796,-0.79057300474149,-0.12504117126680195,0.5352186040977162,0.5517426216607039,0.916504981433651
Moisture_g,0.65144747603454,-0.6153835741609208,0.08399751490308809,-0.29922719243295065,1.0,0.8758560599414756,-0.6940806289750039,0.5981945576848215,0.9500437288847967,-0.13122648981807297,-0.42672576540584284,0.22072941960979028,0.5667216319289121,-0.660986801444699,-0.41609908611357493,-0.48712763301793904,,-0.6609868014446995,,,-0.2523093026700451,0.5692489158223344,0.5689002014534765,0.5688655259962555,0.5688235964156313,-0.5792085999995193,0.568905834463118,-0.8470626494609105,-0.9730514638507523,-0.9621659792735647,0.8136005159757349,-0.8313492443784937,-0.8472101309434562,-0.8737032617081752,-0.8657442358215026,-0.28728005275231805,-0.35377080706738484,-0.5647020071968291,0.3710786769720087,0.21047699461463995,-0.7459526622292946,0.3649525337958401,0.18848920989718068,0.009628954562665274
Ash_g,0.299023565625666,-0.2869363069331213,-0.2494993922502236,-0.5833758274745137,0.8758560599414756,1.0,-0.8779960063579606,0.8010474005374716,0.9622087580307712,-0.43780078746248335,-0.7273445044762288,0.1055498509536248,0.24961412756971246,-0.3122425445607758,-0.717424828564056,-0.7344296470654859,,-0.31224254456077605,,,-0.6592664765286199,0.2510661121941429,0.2506671479655243,0.25062747976381505,0.25057951392026956,-0.7959985995140895,0.25067359211217155,-0.8044617554623865,-0.8618541916277862,-0.818157780244375,0.9920106349214367,-0.6888210031144569,-0.6453098914326291,-0.6146923466500064,-0.6295463811658684,0.12167115772540488,-0.5137757407653195,-0.48086883415331383,0.02938292434237347,0.6525806812910585,-0.7230257760522913,0.31376185033099335,0.20875980255485682,-0.22357198128796058
Fiber_g,0.09319904022846276,-0.13249457810106202,0.6505768009491186,0.8898003532965338,-0.6940806289750039,-0.8779960063579606,1.0,-0.48350247382068356,-0.7391004583902956,0.7967655876995323,0.9462973509617918,0.38247415151204184,-0.3996996865865468,-0.08036774064327273,0.9427863430792359,0.9651931570459129,,-0.08036774064327222,,,0.8346083261662095,-0.3989938537544789,-0.39871309064726557,-0.39868517272027015,-0.39865141449190045,0.4861077904928083,-0.39871762590983145,0.4270922654418868,0.5824919383906392,0.5181373932771224,-0.8647857511646914,0.7803405878839258,0.6986277358872176,0.600830636402303,0.6433602737880437,-0.48931226775785935,0.10422354637933061,0.0025607175621976423,-0.32864012083987276,-0.7431699336130433,0.3041746493879051,0.17504372985255995,0.26131104067396654,0.6593950050147224
Na_mg,0.3509905056105782,-0.39814503217435493,0.07833749570209667,-0.17929604992175927,0.5981945576848215,0.8010474005374716,-0.48350247382068356,1.0,0.8110244041752362,-0.05381664858586257,-0.3797356490653847,0.5631691908204883,-0.3157116817729806,-0.36178206305840066,-0.36700309616330085,-0.32417707943264185,,-0.3617820630584001,,,-0.4858454067389202,-0.3131597399089044,-0.31356575897432337,-0.31360612293939283,-0.31365492871027895,-0.9995183441940577,-0.3135592017030159,-0.8692460045015702,-0.7219016363879659,-0.6959438524924123,0.8487764110037113,-0.14324759233691664,-0.11670482438275406,-0.13487482861848119,-0.12801186077774007,-0.04339080639119244,-0.9206767626251324,-0.7824746192734379,-0.6064949704279918,0.6163781733033662,-0.8925347479785619,0.7316467648992849,0.7112977754846624,0.21974983647407548
K_mg,0.5472100455353438,-0.5366494989703047,0.015362745985062664,-0.356307648536344,0.9500437288847967,0.9622087580307712,-0.7391004583902956,0.8110244041752362,1.0,-0.19002269657026105,-0.5196024322743581,0.31133886788584353,0.29896264947583306,-0.5587925760584496,-0.5075758246857012,-0.5409316261387727,,-0.5587925760584497,,,-0.4320670676991305,0.30148577805788784,0.3010779977493919,0.3010374525342291,0.3009884261185805,-0.7986396178369614,0.30108458436026025,-0.9207482252014847,-0.9659294947541442,-0.9424673609881677,0.9373888049238093,-0.6814041415555154,-0.673482416082945,-0.6872535742292285,-0.6839878477566259,-0.15320274015514126,-0.5812404507569339,-0.658518825973781,0.012364052374530844,0.44279494632020483,-0.8498519465363955,0.4898213846936604,0.35724224001825056,0.017399915243783627
Ca_mg,0.6632703538756096,-0.7005508005765044,0.9768178917532668,0.984728783463368,-0.13122648981807297,-0.43780078746248335,0.7967655876995323,-0.05381664858586257,-0.19002269657026105,1.0,0.9340253716410024,0.7937104692918779,-0.20487137817573767,-0.654355398140176,0.9391731956596453,0.9270749480858853,,-0.6543553981401755,,,0.8850076610518673,-0.20159976421003425,-0.20153701847587288,-0.2015307781745693,-0.20152323215959697,0.07118151775312526,-0.2015380321925839,-0.17917922252630544,-0.027053943849546895,-0.10360047235683476,-0.4554217492629319,0.4567393178374778,0.33699109718580356,0.17898428875760858,0.24494094133468394,-0.8930830673489497,-0.28127166617406457,-0.5483077933387962,-0.474450791823566,-0.7641016702105634,-0.28112428815375207,0.6412910574597355,0.6300905595439132,0.9618053826572261
Zn_mg,0.4040939153172789,-0.4330519798617042,0.8459558929995503,0.9778674587588083,-0.42672576540584284,-0.7273445044762288,0.9462973509617918,-0.3797356490653847,-0.5196024322743581,0.9340253716410024,1.0,0.5470511944168078,-0.20964397988280364,-0.3919715295241086,0.9998916913503676,0.9914573982080401,,-0.39197152952410813,,,0.9501410458026427,-0.2077201269196546,-0.20751096055403417,-0.20749016280710225,-0.20746501448373594,0.3919715295241089,-0.20751433915982237,0.18320802375208062,0.3080234438752592,0.23139472342433587,-0.7433742718662082,0.5864779772577526,0.47547428506820527,0.34211232810249903,0.39847987837199916,-0.7436599635634874,0.01825658875742382,-0.2171087592636874,-0.2623780274077398,-0.8640411433709233,0.07946094413035816,0.34670237822834055,0.37165042583789926,0.8129599679790172
Fe_mg,0.7337782067398944,-0.7965134074803785,0.8475526077237515,0.7100053575684788,0.22072941960979028,0.1055498509536248,0.38247415151204184,0.5631691908204883,0.31133886788584353,0.7937104692918779,0.5470511944168078,1.0,-0.4009535456647816,-0.7328457798629512,0.5588474948586863,0.5801695757248364,,-0.7328457798629503,,,0.4294514393330234,-0.3967718497449105,-0.3969611882409926,-0.39698000862506605,-0.39700276453891575,-0.5496343348972133,-0.3969581307590987,-0.6573010589250669,-0.4312930881169954,-0.47812201796725057,0.12499860659285968,0.3284537748967344,0.24798094729722894,0.10806604273126698,0.16617705645493555,-0.7454140922585692,-0.8007954599861973,-0.9201683184570358,-0.9868248450535606,-0.24439818970758337,-0.7613873523106641,0.9748285002013897,0.9621887093580085,0.9297402094221676
P_mg,0.3281566868490868,-0.23443814290191367,-0.08690316995425802,-0.27070951925940334,0.5667216319289121,0.24961412756971246,-0.3996996865865468,-0.3157116817729806,0.29896264947583306,-0.20487137817573767,-0.20964397988280364,-0.4009535456647816,1.0,-0.32922132138250887,-0.21079763991541242,-0.3353845910495761,,-0.32922132138251015,,,0.10569737202267346,0.9999894980778544,0.9999905185096994,0.9999906099662623,0.9999907181371913,0.33538459104957596,0.9999905034816607,-0.08076691872946985,-0.39286189998582605,-0.3983799322951661,0.130818319819305,-0.8679662460117253,-0.900470953102812,-0.895802357923499,-0.900614496105084,-0.19338821998366132,0.5546632332728939,0.1982830196320214,0.9908985592379708,-0.299744545939059,0.07111313505882051,-0.38836979603418914,-0.5712147215100336,-0.31515985257182483
I_mg,-0.9999029160565486,0.9950801869511323,-0.8001648812021575,-0.5171264284702511,-0.660986801444699,-0.3122425445607758,-0.08036774064327273,-0.36178206305840066,-0.5587925760584496,-0.654355398140176,-0.3919715295241086,-0.7328457798629512,-0.32922132138250887,1.0,-0.4034233789249544,-0.3333333333333331,,1.0000000000000002,,,-0.5046338867329523,-0.33353165747222974,-0.3333300770676676,-0.33331003227200534,-0.3332857940840423,0.3333333333333334,-0.3333333333333332,0.7499128389454703,0.7487963810169921,0.7999829756581837,-0.24467405139809859,0.31547318333650853,0.4210086800058344,0.5604328278173368,0.5046819694010676,0.9041333421524925,0.4238914976631189,0.8076797683067962,,0.4576793691924748,0.7433111162394345,-0.7205452572428048,-0.5709899181888735,-0.7171434465648283
Mg_mg,0.41544430848303354,-0.44489331129044435,0.8534562929297774,0.9807487685799374,-0.41609908611357493,-0.717424828564056,0.9427863430792359,-0.36700309616330085,-0.5075758246857012,0.9391731956596453,0.9998916913503676,0.5588474948586863,-0.21079763991541242,-0.4034233789249544,1.0,0.9914995503985173,,-0.403423378924954,,,0.9496810890383544,-0.2088137491456625,-0.20861009093668925,-0.20858984080898527,-0.2085653546427199,0.3794627908932597,-0.20861338058030274,0.16883431210478067,0.29533683047454484,0.21853027190696903,-0.733458902206425,0.5833012342403968,0.47169645173281227,0.33699475732200507,0.3938969679713999,-0.7514389092386982,0.005530354951537748,-0.2314070128894631,-0.2705715212601777,-0.8617793679253118,0.06478185874942395,0.35997099063105964,0.3836484661933218,0.8213110725919386
Cu_mg,0.34515854720281464,-0.38554767391095524,0.8263997953399332,0.9781789068654154,-0.48712763301793904,-0.7344296470654859,0.9651931570459129,-0.32417707943264185,-0.5409316261387727,0.9270749480858853,0.9914573982080401,0.5801695757248364,-0.3353845910495761,-0.3333333333333331,0.9914995503985173,1.0,,-0.3333333333333323,,,0.9013533380542884,-0.33353165747222985,-0.3333300770676676,-0.33331003227200556,-0.33328579408404246,0.3333333333333333,-0.3333333333333333,0.18778778682211117,0.34963184546153225,0.2765440535828878,-0.7340221541942947,0.6809869405815628,0.5783951024379221,0.4493266112238129,0.5042593551470124,-0.6904290976437238,-0.05598566950267365,-0.23514727431716997,-0.3788729785321643,-0.7925667125040461,0.0675737378399495,0.3854079282926635,0.43388665961584333,0.8250374728673049
VitA,,,,,,,,,,,,,,,,,,,,,,,,,,,,,,,,,,,,,,,,,,,,
VitE,-0.9999029160565487,0.9950801869511323,-0.8001648812021571,-0.5171264284702506,-0.6609868014446995,-0.31224254456077605,-0.08036774064327222,-0.3617820630584001,-0.5587925760584497,-0.6543553981401755,-0.39197152952410813,-0.7328457798629503,-0.32922132138251015,1.0000000000000002,-0.403423378924954,-0.3333333333333323,,1.0,,,-0.5046338867329516,-0.3335316574722293,-0.33333007706766715,-0.33331003227200495,-0.3332857940840419,0.3333333333333343,-0.3333333333333327,0.7499128389454709,0.7487963810169924,0.799982975658184,-0.24467405139809925,0.3154731833365084,0.4210086800058343,0.5604328278173367,0.5046819694010674,0.9041333421524923,0.4238914976631197,0.8076797683067964,,0.4576793691924739,0.743311116239435,-0.7205452572428053,-0.5709899181888738,-0.7171434465648282
VitK,,,,,,,,,,,,,,,,,,,,,,,,,,,,,,,,,,,,,,,,,,,,
VitC,,,,,,,,,,,,,,,,,,,,,,,,,,,,,,,,,,,,,,,,,,,,
VitB1,0.5166145340247821,-0.5162100143821933,0.8332692578745252,0.9084027180436465,-0.2523093026700451,-0.6592664765286199,0.8346083261662095,-0.4858454067389202,-0.4320670676991305,0.8850076610518673,0.9501410458026427,0.4294514393330234,0.10569737202267346,-0.5046338867329523,0.9496810890383544,0.9013533380542884,,-0.5046338867329516,,,1.0,0.10765568556712592,0.10786827582839116,0.1078894108320821,0.10791496619155704,0.5045842937019729,0.107864842380637,0.1593532187244766,0.1868750798145318,0.10716624157612141,-0.7134664139511642,0.3193090366542007,0.1959952986151136,0.061739023635061195,0.117576286164537,-0.8186701106575851,0.19443902120090814,-0.15875469657790925,0.06077556462281185,-0.9741850366353539,0.10226480644376265,0.22982919966493437,0.19676613432242715,0.7269672602109738
VitB2,0.3324631982975222,-0.23887336787629843,-0.08306421127134922,-0.2680349035528444,0.5692489158223344,0.2510661121941429,-0.3989938537544789,-0.3131597399089044,0.30148577805788784,-0.20159976421003425,-0.2077201269196546,-0.3967718497449105,0.9999894980778544,-0.33353165747222974,-0.2088137491456625,-0.33353165747222985,,-0.3335316574722293,,,0.10765568556712592,1.0,0.9999999085452502,0.9999998894560803,0.9999998639594099,0.33293659653115537,0.999999911475615,-0.084498024589786,-0.3960896563193089,-0.40182401300981346,0.13214514347306414,-0.8682815277183,-0.9012151322339569,-0.8972029888145392,-0.9017487391469726,-0.19730212180938536,0.5515303038052112,0.19393876426792625,0.9908464538407935,-0.3011594482460858,0.06719173218372938,-0.38418640297674383,-0.5674758591168826,-0.311323570358665
VitB3,0.3322667044142939,-0.23866906953771633,-0.08307744167007805,-0.2679068032072811,0.5689002014534765,0.2506671479655243,-0.39871309064726557,-0.31356575897432337,0.3010779977493919,-0.20153701847587288,-0.20751096055403417,-0.3969611882409926,0.9999905185096994,-0.3333300770676676,-0.20861009093668925,-0.3333300770676676,,-0.33333007706766715,,,0.10786827582839116,0.9999999085452502,1.0,0.9999999990959998,0.9999999955881254,0.3333398458408072,0.9999999999761426,-0.08409810460164518,-0.3957110905799099,-0.401457120277811,0.13174103914443278,-0.8680921129040361,-0.9010343472049193,-0.897016290782215,-0.9015637878542159,-0.19726485426446333,0.5518641332103571,0.1942572396777853,0.9908994133225605,-0.3014025346994006,0.06758000890722887,-0.3844547262726591,-0.5677097851839181,-0.31136881711555425
VitB5,0.33224716533978405,-0.23864875546676095,-0.08307875622812312,-0.26789406457691345,0.5688655259962555,0.25062747976381505,-0.39868517272027015,-0.31360612293939283,0.3010374525342291,-0.2015307781745693,-0.20749016280710225,-0.39698000862506605,0.9999906099662623,-0.33331003227200534,-0.20858984080898527,-0.33331003227200556,,-0.33331003227200495,,,0.1078894108320821,0.9999998894560803,0.9999999990959998,1.0,0.9999999986782883,0.3333799342344177,0.9999999987784289,-0.08405834304183533,-0.39567344898042767,-0.40142063917095333,0.13170086109417373,-0.8680732722860667,-0.9010163642454292,-0.8969977199821412,-0.9015453906724739,-0.19726114709037362,0.5518973175755871,0.19428890109777922,0.9909046698474304,-0.3014266997512117,0.06761861135778506,-0.38448139958364924,-0.5677330368325263,-0.3113733125117433
VitB6,0.3322235386526293,-0.23862419191023024,-0.0830803455396891,-0.267878660876292,0.5688235964156313,0.25057951392026956,-0.39865141449190045,-0.31365492871027895,0.3009884261185805,-0.20152323215959697,-0.20746501448373594,-0.39700276453891575,0.9999907181371913,-0.3332857940840423,-0.2085653546427199,-0.33328579408404246,,-0.3332857940840419,,,0.10791496619155704,0.9999998639594099,0.9999999955881254,0.9999999986782883,1.0,0.333428406747322,0.9999999949154069,-0.0840102647155554,-0.3956279332747915,-0.40137652667374096,0.1316522790488822,-0.8680504888513396,-0.9009946177782467,-0.8969752627308161,-0.9015231433426644,-0.19725666404408387,0.5519374414796727,0.19432718437958849,0.9909110237073584,-0.30145591845903486,0.06766528776821262,-0.3845136509798293,-0.5677611504458391,-0.3113787474171264
VitB7,-0.3224744903291421,0.370860143476252,-0.05684231396518059,0.19314360581419038,-0.5792085999995193,-0.7959985995140895,0.4861077904928083,-0.9995183441940577,-0.7986396178369614,0.07118151775312526,0.3919715295241089,-0.5496343348972133,0.33538459104957596,0.3333333333333334,0.3794627908932597,0.3333333333333333,,0.3333333333333343,,,0.5045842937019729,0.33293659653115537,0.3333398458408072,0.3333799342344177,0.333428406747322,1.0,0.3333333333333334,0.853596061824618,0.7027110210028618,0.6750639825931506,-0.8469486394549564,0.12836495046106167,0.09836651402005486,0.11274013154342866,0.10737454818382632,0.016438788039133005,0.91976457040111,0.7667845901646797,0.6120255807058063,-0.6362859522919814,0.8784585919193312,-0.7195877220172328,-0.7048092663769197,-0.20347406047260455
VitB9,0.33226987852459156,-0.23867236956392476,-0.08307722810295626,-0.2679088725809737,0.568905834463118,0.25067359211217155,-0.39871762590983145,-0.3135592017030159,0.30108458436026025,-0.2015380321925839,-0.20751433915982237,-0.3969581307590987,0.9999905034816607,-0.3333333333333332,-0.20861338058030274,-0.3333333333333333,,-0.3333333333333327,,,0.107864842380637,0.999999911475615,0.9999999999761426,0.9999999987784289,0.9999999949154069,0.3333333333333334,1.0,-0.0841045639429635,-0.39571720547566275,-0.4014630466479209,0.13174756613743702,-0.8680951734570095,-0.9010372684237019,-0.8970193074977212,-0.9015667763642534,-0.19726545646963595,0.5518587422406648,0.1942520961750533,0.9908985592379708,-0.30139860898041015,0.06757373783994707,-0.38445039306709156,-0.5677060078038896,-0.31136808677508093
Hardness_g,-0.7411738822473131,0.7578453428274081,-0.36479949779409804,-0.012533036877792416,-0.8470626494609105,-0.8044617554623865,0.4270922654418868,-0.8692460045015702,-0.9207482252014847,-0.17917922252630544,0.18320802375208062,-0.6573010589250669,-0.08076691872946985,0.7499128389454703,0.16883431210478067,0.18778778682211117,,0.7499128389454709,,,0.1593532187244766,-0.084498024589786,-0.08409810460164518,-0.08405834304183533,-0.0840102647155554,0.853596061824618,-0.0841045639429635,1.0,0.945226195111766,0.9463844487477833,-0.7915179023413398,0.4102807523760636,0.43806147463462086,0.5072488296219827,0.48048120659027826,0.4342425443426188,0.7845463707552526,0.8997888452827948,0.3932811767249904,-0.24254767369616878,0.9857052051438124,-0.78740583791589,-0.6754423521750385,-0.3977702223063129
Firmness_g,-0.739602413412148,0.7240252284355403,-0.23797013524980362,0.14739029179040627,-0.9730514638507523,-0.8618541916277862,0.5824919383906392,-0.7219016363879659,-0.9659294947541442,-0.027053943849546895,0.3080234438752592,-0.4312930881169954,-0.39286189998582605,0.7487963810169921,0.29533683047454484,0.34963184546153225,,0.7487963810169924,,,0.1868750798145318,-0.3960896563193089,-0.3957110905799099,-0.39567344898042767,-0.3956279332747915,0.7027110210028618,-0.39571720547566275,0.945226195111766,1.0,0.9967152751689017,-0.8153576148485744,0.6810326702158616,0.7073657298194772,0.7582040041016186,0.7398209436449114,0.39392162076685727,0.5443370606238219,0.7383988482312833,-0.10082196021634889,-0.19669083219870034,0.8780827858577286,-0.5687395375569174,-0.4098605962968696,-0.20122859914023353
Strength_g,-0.7916540683890525,0.776699065844128,-0.31245157135632967,0.07106776871881183,-0.9621659792735647,-0.818157780244375,0.5181373932771224,-0.6959438524924123,-0.9424673609881677,-0.10360047235683476,0.23139472342433587,-0.47812201796725057,-0.3983799322951661,0.7999829756581837,0.21853027190696903,0.2765440535828878,,0.799982975658184,,,0.10716624157612141,-0.40182401300981346,-0.401457120277811,-0.40142063917095333,-0.40137652667374096,0.6750639825931506,-0.4014630466479209,0.9463844487477833,0.9967152751689017,1.0,-0.7675206289024685,0.6568940645485181,0.6936662703319104,0.7566166724941239,0.7332130085203487,0.46698693371126526,0.5422293897253115,0.7655588286598416,-0.10538768355455197,-0.121182924714266,0.8844080631934932,-0.6009500966826261,-0.4385038537601518,-0.2684239275926764
pH,0.23114351681965456,-0.22951032329863147,-0.28021415764399504,-0.5927674696041363,0.8136005159757349,0.9920106349214367,-0.8647857511646914,0.8487764110037113,0.9373888049238093,-0.4554217492629319,-0.7433742718662082,0.12499860659285968,0.130818319819305,-0.24467405139809859,-0.733458902206425,-0.7340221541942947,,-0.24467405139809925,,,-0.7134664139511642,0.13214514347306414,0.13174103914443278,0.13170086109417373,0.1316522790488822,-0.8469486394549564,0.13174756613743702,-0.7915179023413398,-0.8153576148485744,-0.7675206289024685,1.0,-0.6001016620526827,-0.5471891781066504,-0.5104532018922605,-0.5275050571884861,0.18424517460406475,-0.5766808752992234,-0.4866374226026534,-0.08000457425896092,0.7267291864356593,-0.724932147468118,0.33915315606011737,0.2575255203350747,-0.2241144746582284
L_star,-0.30767279451674745,0.22962296951167827,0.28136946448723327,0.5702631068676068,-0.8313492443784937,-0.6888210031144569,0.7803405878839258,-0.14324759233691664,-0.6814041415555154,0.4567393178374778,0.5864779772577526,0.3284537748967344,-0.8679662460117253,0.31547318333650853,0.5833012342403968,0.6809869405815628,,0.3154731833365084,,,0.3193090366542007,-0.8682815277183,-0.8680921129040361,-0.8680732722860667,-0.8680504888513396,0.12836495046106167,-0.8680951734570095,0.4102807523760636,0.6810326702158616,0.6568940645485181,-0.6001016620526827,1.0,0.9911320322047625,0.956967821455551,0.9742774189875654,-0.008691015314999098,-0.19904961501582843,0.018351032631163815,-0.7746961626979075,-0.16153211265810177,0.2509608112554497,0.20738606121716344,0.3882668853757386,0.43483381059123277
a_star,-0.4143285215667004,0.33560357181348965,0.15778014919716385,0.4563404369540132,-0.8472101309434562,-0.6453098914326291,0.6986277358872176,-0.11670482438275406,-0.673482416082945,0.33699109718580356,0.47547428506820527,0.24798094729722894,-0.900470953102812,0.4210086800058344,0.47169645173281227,0.5783951024379221,,0.4210086800058343,,,0.1959952986151136,-0.9012151322339569,-0.9010343472049193,-0.9010163642454292,-0.9009946177782467,0.09836651402005486,-0.9010372684237019,0.43806147463462086,0.7073657298194772,0.6936662703319104,-0.5471891781066504,0.9911320322047625,1.0,0.9863798075095146,0.9952829674589669,0.1205007979477501,-0.19551832222872503,0.07832228274092425,-0.8199213749711147,-0.042560677111889156,0.2831619031044477,0.1463872850970661,0.3395706353538212,0.32685992563579
b_star,-0.5547733584257897,0.48025748873939517,-0.006751334901020413,0.30885124022034915,-0.8737032617081752,-0.6146923466500064,0.600830636402303,-0.13487482861848119,-0.6872535742292285,0.17898428875760858,0.34211232810249903,0.10806604273126698,-0.895802357923499,0.5604328278173368,0.33699475732200507,0.4493266112238129,,0.5604328278173367,,,0.061739023635061195,-0.8972029888145392,-0.897016290782215,-0.8969977199821412,-0.8969752627308161,0.11274013154342866,-0.8970193074977212,0.5072488296219827,0.7582040041016186,0.7566166724941239,-0.5104532018922605,0.956967821455551,0.9863798075095146,1.0,0.997684287427389,0.28146155491009023,-0.13419503143270703,0.19439388253896947,-0.8453291211445397,0.0742519781697774,0.36402091435477313,0.02481737489294005,0.22855371636960428,0.1688730415047317
Chroma,-0.49857943681018324,0.422087269663371,0.06126546806354033,0.3709109448493206,-0.8657442358215026,-0.6295463811658684,0.6433602737880437,-0.12801186077774007,-0.6839878477566259,0.24494094133468394,0.39847987837199916,0.16617705645493555,-0.900614496105084,0.5046819694010676,0.3938969679713999,0.5042593551470124,,0.5046819694010674,,,0.117576286164537,-0.9017487391469726,-0.9015637878542159,-0.9015453906724739,-0.9015231433426644,0.10737454818382632,-0.9015667763642534,0.48048120659027826,0.7398209436449114,0.7332130085203487,-0.5275050571884861,0.9742774189875654,0.9952829674589669,0.997684287427389,1.0,0.21581816496140682,-0.15980932786195406,0.1471860869815718,-0.8343820640438532,0.026050051272067783,0.33195919867782286,0.07503123670555936,0.27507704220782864,0.23473101302319102
Appearance,-0.9098996464982256,0.9142926097157383,-0.9589292735481247,-0.8151676599377693,-0.28728005275231805,0.12167115772540488,-0.48931226775785935,-0.04339080639119244,-0.15320274015514126,-0.8930830673489497,-0.7436599635634874,-0.7454140922585692,-0.19338821998366132,0.9041333421524925,-0.7514389092386982,-0.6904290976437238,,0.9041333421524923,,,-0.8186701106575851,-0.19730212180938536,-0.19726485426446333,-0.19726114709037362,-0.19725666404408387,0.016438788039133005,-0.19726545646963595,0.4342425443426188,0.39392162076685727,0.46698693371126526,0.18424517460406475,-0.008691015314999098,0.1205007979477501,0.28146155491009023,0.21581816496140682,1.0,0.2461242899188182,0.6501663822416972,0.12607231560583523,0.757507546587514,0.4698812394725794,-0.6401671556387999,-0.5365623174852748,-0.8699594086824411
Colour,-0.41730663807788293,0.48958632169417293,-0.36268355758779036,-0.18312802880244675,-0.35377080706738484,-0.5137757407653195,0.10422354637933061,-0.9206767626251324,-0.5812404507569339,-0.28127166617406457,0.01825658875742382,-0.8007954599861973,0.5546632332728939,0.4238914976631189,0.005530354951537748,-0.05598566950267365,,0.4238914976631197,,,0.19443902120090814,0.5515303038052112,0.5518641332103571,0.5518973175755871,0.5519374414796727,0.91976457040111,0.5518587422406648,0.7845463707552526,0.5443370606238219,0.5422293897253115,-0.5766808752992234,-0.19904961501582843,-0.19551832222872503,-0.13419503143270703,-0.15980932786195406,0.2461242899188182,1.0,0.875995860629949,0.8829666890026404,-0.3848879711591439,0.8674247615424847,-0.9007679486271332,-0.9209109916736333,-0.531870538085148
Texture,-0.8036165974936663,0.8492803908898895,-0.6752447860111962,-0.4137232328487841,-0.5647020071968291,-0.48086883415331383,0.0025607175621976423,-0.7824746192734379,-0.658518825973781,-0.5483077933387962,-0.2171087592636874,-0.9201683184570358,0.1982830196320214,0.8076797683067962,-0.2314070128894631,-0.23514727431716997,,0.8076797683067964,,,-0.15875469657790925,0.19393876426792625,0.1942572396777853,0.19428890109777922,0.19432718437958849,0.7667845901646797,0.1942520961750533,0.8997888452827948,0.7383988482312833,0.7655588286598416,-0.4866374226026534,0.018351032631163815,0.07832228274092425,0.19439388253896947,0.1471860869815718,0.6501663822416972,0.875995860629949,1.0,0.9004813041817576,0.007190020720190071,0.9533868161092093,-0.9742848911293518,-0.9104394275172937,-0.7422991824938974
Flavour,0.05642309326667545,0.9745862207847774,-0.5071939539168191,-0.42783453619769796,0.3710786769720087,0.02938292434237347,-0.32864012083987276,-0.6064949704279918,0.012364052374530844,-0.474450791823566,-0.2623780274077398,-0.9868248450535606,0.9908985592379708,,-0.2705715212601777,-0.3788729785321643,,,,,0.06077556462281185,0.9908464538407935,0.9908994133225605,0.9909046698474304,0.9909110237073584,0.6120255807058063,0.9908985592379708,0.3932811767249904,-0.10082196021634889,-0.10538768355455197,-0.08000457425896092,-0.7746961626979075,-0.8199213749711147,-0.8453291211445397,-0.8343820640438532,0.12607231560583523,0.8829666890026404,0.9004813041817576,1.0,-0.30841106449660566,0.6120255807058068,-0.9864894692985987,-0.9976569270595488,-0.7565429154376222
Aroma,-0.46961685146110277,0.4477217589859572,-0.7199914501688763,-0.79057300474149,0.21047699461463995,0.6525806812910585,-0.7431699336130433,0.6163781733033662,0.44279494632020483,-0.7641016702105634,-0.8640411433709233,-0.24439818970758337,-0.299744545939059,0.4576793691924748,-0.8617793679253118,-0.7925667125040461,,0.4576793691924739,,,-0.9741850366353539,-0.3011594482460858,-0.3014025346994006,-0.3014266997512117,-0.30145591845903486,-0.6362859522919814,-0.30139860898041015,-0.24254767369616878,-0.19669083219870034,-0.121182924714266,0.7267291864356593,-0.16153211265810177,-0.042560677111889156,0.0742519781697774,0.026050051272067783,0.757507546587514,-0.3848879711591439,0.007190020720190071,-0.30841106449660566,1.0,-0.2195070185656709,-0.04612786564176487,0.010763705489792792,-0.5691040524284768
Overall_Accept,-0.735557301393051,0.7674439217814959,-0.4458569893652021,-0.12504117126680195,-0.7459526622292946,-0.7230257760522913,0.3041746493879051,-0.8925347479785619,-0.8498519465363955,-0.28112428815375207,0.07946094413035816,-0.7613873523106641,0.07111313505882051,0.7433111162394345,0.06478185874942395,0.0675737378399495,,0.743311116239435,,,0.10226480644376265,0.06719173218372938,0.06758000890722887,0.06761861135778506,0.06766528776821262,0.8784585919193312,0.06757373783994707,0.9857052051438124,0.8780827858577286,0.8844080631934932,-0.724932147468118,0.2509608112554497,0.2831619031044477,0.36402091435477313,0.33195919867782286,0.4698812394725794,0.8674247615424847,0.9533868161092093,0.6120255807058068,-0.2195070185656709,1.0,-0.8757394592051796,-0.78945868703698,-0.5078202539944255
TPC_mgGAE,0.7183571572344151,-0.7805266193114653,0.7259236105840579,0.5352186040977162,0.3649525337958401,0.31376185033099335,0.17504372985255995,0.7316467648992849,0.4898213846936604,0.6412910574597355,0.34670237822834055,0.9748285002013897,-0.38836979603418914,-0.7205452572428048,0.35997099063105964,0.3854079282926635,,-0.7205452572428053,,,0.22982919966493437,-0.38418640297674383,-0.3844547262726591,-0.38448139958364924,-0.3845136509798293,-0.7195877220172328,-0.38445039306709156,-0.78740583791589,-0.5687395375569174,-0.6009500966826261,0.33915315606011737,0.20738606121716344,0.1463872850970661,0.02481737489294005,0.07503123670555936,-0.6401671556387999,-0.9007679486271332,-0.9742848911293518,-0.9864894692985987,-0.04612786564176487,-0.8757394592051796,1.0,0.9780557462822811,0.8256249835357159
TFC_mgQE,0.5695091820173293,-0.6460160058361386,0.6770072684048983,0.5517426216607039,0.18848920989718068,0.20875980255485682,0.26131104067396654,0.7112977754846624,0.35724224001825056,0.6300905595439132,0.37165042583789926,0.9621887093580085,-0.5712147215100336,-0.5709899181888735,0.3836484661933218,0.43388665961584333,,-0.5709899181888738,,,0.19676613432242715,-0.5674758591168826,-0.5677097851839181,-0.5677330368325263,-0.5677611504458391,-0.7048092663769197,-0.5677060078038896,-0.6754423521750385,-0.4098605962968696,-0.4385038537601518,0.2575255203350747,0.3882668853757386,0.3395706353538212,0.22855371636960428,0.27507704220782864,-0.5365623174852748,-0.9209109916736333,-0.9104394275172937,-0.9976569270595488,0.010763705489792792,-0.78945868703698,0.9780557462822811,1.0,0.815722775874807
DPPH_pct,0.7229996374130172,-0.774638980211432,0.9698080000866875,0.916504981433651,0.009628954562665274,-0.22357198128796058,0.6593950050147224,0.21974983647407548,0.017399915243783627,0.9618053826572261,0.8129599679790172,0.9297402094221676,-0.31515985257182483,-0.7171434465648283,0.8213110725919386,0.8250374728673049,,-0.7171434465648282,,,0.7269672602109738,-0.311323570358665,-0.31136881711555425,-0.3113733125117433,-0.3113787474171264,-0.20347406047260455,-0.31136808677508093,-0.3977702223063129,-0.20122859914023353,-0.2684239275926764,-0.2241144746582284,0.43483381059123277,0.32685992563579,0.1688730415047317,0.23473101302319102,-0.8699594086824411,-0.531870538085148,-0.7422991824938974,-0.7565429154376222,-0.5691040524284768,-0.5078202539944255,0.8256249835357159,0.815722775874807,1.0
